mean_reward,reward,step,time
4.90625,7.8331804275512695,8192,43.685261
